Metric,Mean,Std
CV_R2,0.8181095419555684,0.021449615721346432
CV_MAE,11.17262421601161,0.7093138396448816
CV_RMSE,12.906014257192231,0.8550769900445141
