Metric,Mean,Std
CV_R2,0.5783072332158856,0.08324521700339674
CV_MAE,18.75900993729595,2.4777986244377153
CV_RMSE,22.439644907879735,2.5415403170721924
