Metric,Value
MAE,10.467958937841612
MSE,156.8695462319305
RMSE,12.5247573322572
R2,0.8389416884594872
