Metric,Value
MAE,21.23274967793373
MSE,577.2958007406461
RMSE,24.026980682987325
R2,0.5784259896571935
