Metric,Mean,Std
CV_R2,0.9938244463959108,0.002877740347527667
CV_MAE,1.580394271293588,0.2980317850385534
CV_RMSE,2.3167856550985273,0.5707103117200586
