Metric,Mean,Std
CV_R2,0.8458686595648166,0.04451188536177801
CV_MAE,7.053267923597309,0.9982870087503591
CV_RMSE,13.436127815673501,1.9593724281343692
