Metric,Value
MAE,5.626894405705558
MSE,104.80195442628757
RMSE,10.237282570403513
R2,0.9234676916711143
