Metric,Value
MAE,1.6741727542027776
MSE,5.437568244865109
RMSE,2.3318593964613537
R2,0.9944172366055711
