Metric,Mean,Std
CV_R2,0.8944424203991665,0.03930482224893681
CV_MAE,3.8848668292683213,1.1329860789480444
CV_RMSE,10.998125200471794,2.48341497376949
