Metric,Mean,Std
CV_R2,0.994374951346656,0.0015186320117416227
CV_MAE,1.3364830416666673,0.30091802994359385
CV_RMSE,2.2575463864775758,0.35817935835514547
