Metric,Value
MAE,2.2371951219512636
MSE,47.09258846341481
RMSE,6.862403985733776
R2,0.9656103312193254
