Metric,Value
MAE,1.4172291666666657
MSE,6.483664435069453
RMSE,2.546304073568091
R2,0.9933432073235958
